GEO_ID,NAME,P003001,P003002,P003003,P003004,P003005,P003006,P003007,P003008
Geography,Geographic Area Name,Total,Total!!White alone,Total!!Black or African American alone,Total!!American Indian and Alaska Native alone,Total!!Asian alone,Total!!Native Hawaiian and Other Pacific Islander alone,Total!!Some Other Race alone,Total!!Two or More Races
0500000US06085,"Santa Clara County, California",1781642,836616,46428,12960,570524,7060,220806,87248
1400000US06085500100,"Census Tract 5001, Santa Clara County, California",6339,2768,164,89,1320,42,1662,294
1400000US06085500200,"Census Tract 5002, Santa Clara County, California",5822,2846,393,56,917,19,1247,344
1400000US06085500300,"Census Tract 5003, Santa Clara County, California",3140,1869,115,58,353,27,535,183
1400000US06085500400,"Census Tract 5004, Santa Clara County, California",2369,1546,107,28,208,7,316,157
1400000US06085500500,"Census Tract 5005, Santa Clara County, California",5275,3724,122,70,626,19,403,311
1400000US06085500600,"Census Tract 5006, Santa Clara County, California",4586,2874,293,49,604,24,508,234
1400000US06085500800,"Census Tract 5008, Santa Clara County, California",2600,1191,148,46,504,9,521,181
1400000US06085500901,"Census Tract 5009.01, Santa Clara County, California",3723,1689,252,39,1246,16,309,172
1400000US06085500902,"Census Tract 5009.02, Santa Clara County, California",4523,1852,461,43,1345,39,621,162
1400000US06085501000,"Census Tract 5010, Santa Clara County, California",4769,2168,198,75,879,20,1163,266
1400000US06085501101,"Census Tract 5011.01, Santa Clara County, California",4074,1838,151,53,1014,12,741,265
1400000US06085501102,"Census Tract 5011.02, Santa Clara County, California",4477,2203,112,75,503,14,1327,243
1400000US06085501200,"Census Tract 5012, Santa Clara County, California",4186,2038,109,92,481,7,1178,281
1400000US06085501300,"Census Tract 5013, Santa Clara County, California",4153,2444,224,42,642,14,532,255
1400000US06085501401,"Census Tract 5014.01, Santa Clara County, California",3295,1503,97,62,291,17,1178,147
1400000US06085501402,"Census Tract 5014.02, Santa Clara County, California",2947,1475,67,63,333,6,907,96
1400000US06085501501,"Census Tract 5015.01, Santa Clara County, California",4278,1456,80,43,1088,3,1389,219
1400000US06085501502,"Census Tract 5015.02, Santa Clara County, California",4549,2007,80,56,679,21,1506,200
1400000US06085501600,"Census Tract 5016, Santa Clara County, California",6854,3019,349,104,1249,44,1718,371
1400000US06085501700,"Census Tract 5017, Santa Clara County, California",4916,2199,103,91,171,7,2095,250
1400000US06085501800,"Census Tract 5018, Santa Clara County, California",5085,3110,82,52,255,22,1307,257
1400000US06085501900,"Census Tract 5019, Santa Clara County, California",4641,2017,355,63,818,22,1013,353
1400000US06085502001,"Census Tract 5020.01, Santa Clara County, California",5022,2923,150,72,484,20,1084,289
1400000US06085502002,"Census Tract 5020.02, Santa Clara County, California",4887,2346,146,81,296,21,1689,308
1400000US06085502101,"Census Tract 5021.01, Santa Clara County, California",4798,2949,192,30,799,25,518,285
1400000US06085502102,"Census Tract 5021.02, Santa Clara County, California",7469,3496,406,110,999,65,1966,427
1400000US06085502201,"Census Tract 5022.01, Santa Clara County, California",6260,2937,510,44,1216,28,1174,351
1400000US06085502202,"Census Tract 5022.02, Santa Clara County, California",2870,2113,67,12,375,34,107,162
1400000US06085502301,"Census Tract 5023.01, Santa Clara County, California",3245,2511,83,22,212,4,266,147
1400000US06085502302,"Census Tract 5023.02, Santa Clara County, California",2826,1988,88,24,208,10,320,188
1400000US06085502400,"Census Tract 5024, Santa Clara County, California",6813,5460,99,33,456,9,415,341
1400000US06085502500,"Census Tract 5025, Santa Clara County, California",6187,5053,87,38,407,10,282,310
1400000US06085502601,"Census Tract 5026.01, Santa Clara County, California",2626,2171,27,8,234,7,78,101
1400000US06085502603,"Census Tract 5026.03, Santa Clara County, California",2527,1969,39,8,226,13,113,159
1400000US06085502604,"Census Tract 5026.04, Santa Clara County, California",4320,2775,178,33,592,42,432,268
1400000US06085502701,"Census Tract 5027.01, Santa Clara County, California",4874,3326,153,28,652,30,421,264
1400000US06085502702,"Census Tract 5027.02, Santa Clara County, California",8042,5484,155,61,1517,9,334,482
1400000US06085502800,"Census Tract 5028, Santa Clara County, California",4102,3081,55,40,438,16,223,249
1400000US06085502901,"Census Tract 5029.01, Santa Clara County, California",5919,4065,136,49,865,37,414,353
1400000US06085502902,"Census Tract 5029.02, Santa Clara County, California",7200,5332,97,35,781,5,503,447
1400000US06085502903,"Census Tract 5029.03, Santa Clara County, California",5075,3970,66,41,470,14,290,224
1400000US06085502906,"Census Tract 5029.06, Santa Clara County, California",4521,3152,118,40,529,16,363,303
1400000US06085502907,"Census Tract 5029.07, Santa Clara County, California",3912,2851,48,21,510,8,237,237
1400000US06085502908,"Census Tract 5029.08, Santa Clara County, California",6683,4404,179,40,1055,26,604,375
1400000US06085502909,"Census Tract 5029.09, Santa Clara County, California",5073,3311,134,51,539,14,716,308
1400000US06085502910,"Census Tract 5029.10, Santa Clara County, California",3656,2397,98,34,505,13,362,247
1400000US06085503001,"Census Tract 5030.01, Santa Clara County, California",4063,3369,46,23,349,9,106,161
1400000US06085503002,"Census Tract 5030.02, Santa Clara County, California",3506,2477,71,19,387,13,346,193
1400000US06085503003,"Census Tract 5030.03, Santa Clara County, California",5099,3676,44,49,634,21,371,304
1400000US06085503105,"Census Tract 5031.05, Santa Clara County, California",2484,394,33,26,1513,15,414,89
1400000US06085503108,"Census Tract 5031.08, Santa Clara County, California",7894,3174,452,74,2311,54,1365,464
1400000US06085503110,"Census Tract 5031.10, Santa Clara County, California",4618,1308,118,45,1408,12,1621,106
1400000US06085503111,"Census Tract 5031.11, Santa Clara County, California",5101,1294,87,34,2216,22,1224,224
1400000US06085503112,"Census Tract 5031.12, Santa Clara County, California",4025,1626,132,44,822,11,1156,234
1400000US06085503113,"Census Tract 5031.13, Santa Clara County, California",4760,2015,92,65,283,4,2049,252
1400000US06085503115,"Census Tract 5031.15, Santa Clara County, California",6027,3085,216,18,1880,15,433,380
1400000US06085503116,"Census Tract 5031.16, Santa Clara County, California",5240,2239,189,35,1830,24,645,278
1400000US06085503117,"Census Tract 5031.17, Santa Clara County, California",3120,874,39,35,1142,32,926,72
1400000US06085503118,"Census Tract 5031.18, Santa Clara County, California",5474,1733,158,101,1753,40,1495,194
1400000US06085503121,"Census Tract 5031.21, Santa Clara County, California",4499,1935,335,96,689,11,1188,245
1400000US06085503122,"Census Tract 5031.22, Santa Clara County, California",3449,971,222,37,1615,6,459,139
1400000US06085503123,"Census Tract 5031.23, Santa Clara County, California",3585,1694,426,93,437,9,686,240
1400000US06085503204,"Census Tract 5032.04, Santa Clara County, California",8175,2582,295,98,2583,56,2205,356
1400000US06085503207,"Census Tract 5032.07, Santa Clara County, California",3938,613,107,25,2700,31,348,114
1400000US06085503208,"Census Tract 5032.08, Santa Clara County, California",3985,1242,142,53,909,30,1396,213
1400000US06085503210,"Census Tract 5032.10, Santa Clara County, California",4453,1168,116,33,2001,15,952,168
1400000US06085503211,"Census Tract 5032.11, Santa Clara County, California",4744,1158,113,37,2268,23,993,152
1400000US06085503212,"Census Tract 5032.12, Santa Clara County, California",4058,853,123,64,2276,11,617,114
1400000US06085503213,"Census Tract 5032.13, Santa Clara County, California",4494,944,112,24,2574,4,698,138
1400000US06085503214,"Census Tract 5032.14, Santa Clara County, California",7253,1479,137,63,4018,32,1266,258
1400000US06085503217,"Census Tract 5032.17, Santa Clara County, California",4512,1348,163,62,1132,23,1628,156
1400000US06085503218,"Census Tract 5032.18, Santa Clara County, California",4471,1686,101,48,683,4,1720,229
1400000US06085503304,"Census Tract 5033.04, Santa Clara County, California",6916,1602,212,62,3116,32,1575,317
1400000US06085503305,"Census Tract 5033.05, Santa Clara County, California",6069,1286,115,64,2722,14,1619,249
1400000US06085503306,"Census Tract 5033.06, Santa Clara County, California",4311,1470,73,71,1333,33,1162,169
1400000US06085503312,"Census Tract 5033.12, Santa Clara County, California",3365,1392,170,25,907,16,656,199
1400000US06085503313,"Census Tract 5033.13, Santa Clara County, California",4582,1332,147,33,2330,4,510,226
1400000US06085503315,"Census Tract 5033.15, Santa Clara County, California",7481,1581,278,70,3772,26,1348,406
1400000US06085503321,"Census Tract 5033.21, Santa Clara County, California",4658,458,67,25,3683,25,298,102
1400000US06085503322,"Census Tract 5033.22, Santa Clara County, California",4173,1241,252,49,1639,13,827,152
1400000US06085503323,"Census Tract 5033.23, Santa Clara County, California",4688,1121,173,15,2329,32,809,209
1400000US06085503324,"Census Tract 5033.24, Santa Clara County, California",3543,495,90,21,2449,24,339,125
1400000US06085503325,"Census Tract 5033.25, Santa Clara County, California",4448,1049,154,42,2443,13,563,184
1400000US06085503326,"Census Tract 5033.26, Santa Clara County, California",6650,861,99,17,5129,19,325,200
1400000US06085503327,"Census Tract 5033.27, Santa Clara County, California",4712,1584,168,18,1956,15,759,212
1400000US06085503329,"Census Tract 5033.29, Santa Clara County, California",3461,759,89,5,2261,9,186,152
1400000US06085503330,"Census Tract 5033.30, Santa Clara County, California",7618,1053,135,22,5892,13,214,289
1400000US06085503331,"Census Tract 5033.31, Santa Clara County, California",3173,1641,119,27,1014,16,217,139
1400000US06085503332,"Census Tract 5033.32, Santa Clara County, California",5363,3705,66,17,1227,10,143,195
1400000US06085503333,"Census Tract 5033.33, Santa Clara County, California",4585,1384,197,22,2195,17,549,221
1400000US06085503334,"Census Tract 5033.34, Santa Clara County, California",8854,2756,183,1,5282,14,212,406
1400000US06085503336,"Census Tract 5033.36, Santa Clara County, California",3492,712,95,43,1782,20,711,129
1400000US06085503337,"Census Tract 5033.37, Santa Clara County, California",3772,616,145,21,2313,10,512,155
1400000US06085503401,"Census Tract 5034.01, Santa Clara County, California",4915,1663,94,48,637,82,2203,188
1400000US06085503402,"Census Tract 5034.02, Santa Clara County, California",5263,1559,225,24,1191,39,2023,202
1400000US06085503504,"Census Tract 5035.04, Santa Clara County, California",6463,1945,133,73,985,18,3008,301
1400000US06085503506,"Census Tract 5035.06, Santa Clara County, California",6432,1891,168,111,1629,16,2302,315
1400000US06085503507,"Census Tract 5035.07, Santa Clara County, California",2182,636,67,38,309,54,993,85
1400000US06085503508,"Census Tract 5035.08, Santa Clara County, California",6219,2312,132,60,954,39,2422,300
1400000US06085503509,"Census Tract 5035.09, Santa Clara County, California",4040,1389,100,69,1000,36,1228,218
1400000US06085503510,"Census Tract 5035.10, Santa Clara County, California",5968,2158,100,70,749,31,2572,288
1400000US06085503511,"Census Tract 5035.11, Santa Clara County, California",3665,803,71,36,1558,14,998,185
1400000US06085503601,"Census Tract 5036.01, Santa Clara County, California",2992,1520,51,36,463,10,746,166
1400000US06085503602,"Census Tract 5036.02, Santa Clara County, California",4741,1635,145,59,1357,13,1344,188
1400000US06085503703,"Census Tract 5037.03, Santa Clara County, California",4271,1081,99,59,937,7,1925,163
1400000US06085503707,"Census Tract 5037.07, Santa Clara County, California",5462,1342,151,60,2287,32,1347,243
1400000US06085503708,"Census Tract 5037.08, Santa Clara County, California",2725,434,74,17,1820,12,241,127
1400000US06085503709,"Census Tract 5037.09, Santa Clara County, California",5088,693,74,45,3062,26,1052,136
1400000US06085503710,"Census Tract 5037.10, Santa Clara County, California",3599,1035,96,53,784,16,1395,220
1400000US06085503711,"Census Tract 5037.11, Santa Clara County, California",4763,1567,94,46,720,19,2126,191
1400000US06085503712,"Census Tract 5037.12, Santa Clara County, California",4108,934,122,51,1847,10,941,203
1400000US06085503713,"Census Tract 5037.13, Santa Clara County, California",2974,960,116,43,803,2,909,141
1400000US06085503802,"Census Tract 5038.02, Santa Clara County, California",7884,3041,227,70,2638,58,1435,415
1400000US06085503803,"Census Tract 5038.03, Santa Clara County, California",4477,953,123,17,2832,16,368,168
1400000US06085503804,"Census Tract 5038.04, Santa Clara County, California",4980,1287,186,36,2558,23,687,203
1400000US06085503902,"Census Tract 5039.02, Santa Clara County, California",5440,2330,95,92,1012,23,1566,322
1400000US06085503903,"Census Tract 5039.03, Santa Clara County, California",3301,1104,45,51,1142,8,819,132
1400000US06085504001,"Census Tract 5040.01, Santa Clara County, California",6017,2231,136,92,1093,21,2143,301
1400000US06085504002,"Census Tract 5040.02, Santa Clara County, California",5875,1721,174,81,1507,53,2088,251
1400000US06085504101,"Census Tract 5041.01, Santa Clara County, California",4273,1584,100,97,748,41,1431,272
1400000US06085504102,"Census Tract 5041.02, Santa Clara County, California",5480,2248,89,92,781,15,1966,289
1400000US06085504201,"Census Tract 5042.01, Santa Clara County, California",4779,2890,116,50,795,13,669,246
1400000US06085504202,"Census Tract 5042.02, Santa Clara County, California",4530,2479,155,24,989,25,626,232
1400000US06085504307,"Census Tract 5043.07, Santa Clara County, California",5563,1157,148,33,3552,20,400,253
1400000US06085504308,"Census Tract 5043.08, Santa Clara County, California",4415,1725,124,8,2040,22,250,246
1400000US06085504311,"Census Tract 5043.11, Santa Clara County, California",7062,753,120,23,5665,29,261,211
1400000US06085504314,"Census Tract 5043.14, Santa Clara County, California",4753,1045,107,28,3056,33,266,218
1400000US06085504315,"Census Tract 5043.15, Santa Clara County, California",6562,1678,224,29,3897,30,375,329
1400000US06085504316,"Census Tract 5043.16, Santa Clara County, California",4839,862,131,24,3279,38,353,152
1400000US06085504317,"Census Tract 5043.17, Santa Clara County, California",4429,765,71,24,3049,28,309,183
1400000US06085504318,"Census Tract 5043.18, Santa Clara County, California",5265,1527,148,44,2751,19,598,178
1400000US06085504319,"Census Tract 5043.19, Santa Clara County, California",6936,1224,158,48,4589,45,587,285
1400000US06085504320,"Census Tract 5043.20, Santa Clara County, California",2903,649,36,5,1974,9,111,119
1400000US06085504321,"Census Tract 5043.21, Santa Clara County, California",5346,969,116,29,3480,28,507,217
1400000US06085504322,"Census Tract 5043.22, Santa Clara County, California",5263,869,283,9,3655,2,248,197
1400000US06085504323,"Census Tract 5043.23, Santa Clara County, California",5741,889,146,29,4044,24,386,223
1400000US06085504410,"Census Tract 5044.10, Santa Clara County, California",4431,903,152,41,2681,14,463,177
1400000US06085504411,"Census Tract 5044.11, Santa Clara County, California",5450,1493,85,42,3159,31,379,261
1400000US06085504412,"Census Tract 5044.12, Santa Clara County, California",4901,935,91,24,2751,58,815,227
1400000US06085504413,"Census Tract 5044.13, Santa Clara County, California",1714,269,28,2,1333,1,26,55
1400000US06085504414,"Census Tract 5044.14, Santa Clara County, California",5092,659,68,3,4007,28,167,160
1400000US06085504415,"Census Tract 5044.15, Santa Clara County, California",5116,1169,104,9,3326,21,251,236
1400000US06085504416,"Census Tract 5044.16, Santa Clara County, California",3591,832,106,10,2267,17,183,176
1400000US06085504417,"Census Tract 5044.17, Santa Clara County, California",323,141,8,4,136,0,27,7
1400000US06085504418,"Census Tract 5044.18, Santa Clara County, California",4883,1154,146,33,2474,26,800,250
1400000US06085504420,"Census Tract 5044.20, Santa Clara County, California",4555,1071,62,21,3002,11,211,177
1400000US06085504421,"Census Tract 5044.21, Santa Clara County, California",4733,981,167,25,3089,13,242,216
1400000US06085504422,"Census Tract 5044.22, Santa Clara County, California",3672,702,143,12,2256,17,369,173
1400000US06085504423,"Census Tract 5044.23, Santa Clara County, California",2373,812,27,27,1157,28,227,95
1400000US06085504504,"Census Tract 5045.04, Santa Clara County, California",9882,1757,553,60,5743,40,1330,399
1400000US06085504505,"Census Tract 5045.05, Santa Clara County, California",4418,844,139,32,2713,37,306,347
1400000US06085504506,"Census Tract 5045.06, Santa Clara County, California",5924,1028,141,21,4118,10,325,281
1400000US06085504507,"Census Tract 5045.07, Santa Clara County, California",5768,1470,186,30,3197,40,544,301
1400000US06085504601,"Census Tract 5046.01, Santa Clara County, California",817,528,28,1,111,26,82,41
1400000US06085504602,"Census Tract 5046.02, Santa Clara County, California",2144,836,46,28,361,7,770,96
1400000US06085504700,"Census Tract 5047, Santa Clara County, California",719,426,107,8,49,4,45,80
1400000US06085504802,"Census Tract 5048.02, Santa Clara County, California",5242,1962,97,54,2229,27,610,263
1400000US06085504803,"Census Tract 5048.03, Santa Clara County, California",5756,1851,134,26,2948,29,560,208
1400000US06085504805,"Census Tract 5048.05, Santa Clara County, California",5294,3298,120,41,1199,40,341,255
1400000US06085504806,"Census Tract 5048.06, Santa Clara County, California",2930,939,83,17,1146,37,554,154
1400000US06085504901,"Census Tract 5049.01, Santa Clara County, California",9530,2384,274,26,6062,24,317,443
1400000US06085505001,"Census Tract 5050.01, Santa Clara County, California",9741,2786,278,44,5421,32,700,480
1400000US06085505006,"Census Tract 5050.06, Santa Clara County, California",3898,1115,86,11,2483,1,74,128
1400000US06085505007,"Census Tract 5050.07, Santa Clara County, California",4083,1345,148,39,1767,59,476,249
1400000US06085505008,"Census Tract 5050.08, Santa Clara County, California",5254,1660,116,15,3114,3,132,214
1400000US06085505009,"Census Tract 5050.09, Santa Clara County, California",6256,2410,469,56,2232,36,672,381
1400000US06085505100,"Census Tract 5051, Santa Clara County, California",3027,1253,114,17,992,16,421,214
1400000US06085505202,"Census Tract 5052.02, Santa Clara County, California",5867,2562,245,44,1496,37,1121,362
1400000US06085505203,"Census Tract 5052.03, Santa Clara County, California",4809,2927,165,22,1002,10,326,357
1400000US06085505301,"Census Tract 5053.01, Santa Clara County, California",4424,1611,107,25,1496,88,880,217
1400000US06085505302,"Census Tract 5053.02, Santa Clara County, California",4015,2188,114,19,1089,54,389,162
1400000US06085505303,"Census Tract 5053.03, Santa Clara County, California",5940,2083,153,47,2278,63,957,359
1400000US06085505304,"Census Tract 5053.04, Santa Clara County, California",3265,1574,34,22,1068,3,301,263
1400000US06085505305,"Census Tract 5053.05, Santa Clara County, California",5514,2616,116,23,2011,38,454,256
1400000US06085505401,"Census Tract 5054.01, Santa Clara County, California",5957,1968,147,27,3083,13,426,293
1400000US06085505402,"Census Tract 5054.02, Santa Clara County, California",3026,1543,66,4,962,25,275,151
1400000US06085505403,"Census Tract 5054.03, Santa Clara County, California",6595,2914,220,40,2557,28,490,346
1400000US06085505500,"Census Tract 5055, Santa Clara County, California",3911,2448,90,18,796,18,324,217
1400000US06085505600,"Census Tract 5056, Santa Clara County, California",3880,2448,166,25,677,21,257,286
1400000US06085505700,"Census Tract 5057, Santa Clara County, California",5751,3702,187,41,904,24,569,324
1400000US06085505800,"Census Tract 5058, Santa Clara County, California",3741,2802,42,20,428,11,223,215
1400000US06085505900,"Census Tract 5059, Santa Clara County, California",7079,4339,246,38,1601,29,430,396
1400000US06085506000,"Census Tract 5060, Santa Clara County, California",4617,2734,96,13,1143,34,329,268
1400000US06085506101,"Census Tract 5061.01, Santa Clara County, California",4615,2799,81,31,1237,22,205,240
1400000US06085506102,"Census Tract 5061.02, Santa Clara County, California",3808,2081,81,8,1325,10,125,178
1400000US06085506103,"Census Tract 5061.03, Santa Clara County, California",4699,2181,84,9,2083,6,123,213
1400000US06085506202,"Census Tract 5062.02, Santa Clara County, California",6959,3671,132,25,2622,26,158,325
1400000US06085506203,"Census Tract 5062.03, Santa Clara County, California",6163,1719,189,36,3566,23,342,288
1400000US06085506204,"Census Tract 5062.04, Santa Clara County, California",6064,2616,95,29,2752,17,301,254
1400000US06085506301,"Census Tract 5063.01, Santa Clara County, California",5334,2709,295,49,1336,63,556,326
1400000US06085506302,"Census Tract 5063.02, Santa Clara County, California",6388,3890,244,45,1306,30,529,344
1400000US06085506304,"Census Tract 5063.04, Santa Clara County, California",4958,2183,221,39,1452,68,731,264
1400000US06085506305,"Census Tract 5063.05, Santa Clara County, California",7191,3014,503,109,1447,25,1704,389
1400000US06085506401,"Census Tract 5064.01, Santa Clara County, California",4380,2386,226,54,875,24,578,237
1400000US06085506402,"Census Tract 5064.02, Santa Clara County, California",5733,3363,294,71,788,24,890,303
1400000US06085506501,"Census Tract 5065.01, Santa Clara County, California",7710,3696,471,60,1142,29,1916,396
1400000US06085506502,"Census Tract 5065.02, Santa Clara County, California",3907,2938,91,19,420,11,178,250
1400000US06085506503,"Census Tract 5065.03, Santa Clara County, California",6045,3788,257,54,985,28,526,407
1400000US06085506601,"Census Tract 5066.01, Santa Clara County, California",4482,2465,176,41,1117,36,346,301
1400000US06085506603,"Census Tract 5066.03, Santa Clara County, California",4070,2681,21,16,966,9,172,205
1400000US06085506604,"Census Tract 5066.04, Santa Clara County, California",7324,4445,203,27,1927,31,253,438
1400000US06085506605,"Census Tract 5066.05, Santa Clara County, California",3941,2249,147,37,909,10,407,182
1400000US06085506606,"Census Tract 5066.06, Santa Clara County, California",4453,2478,162,33,1061,7,443,269
1400000US06085506701,"Census Tract 5067.01, Santa Clara County, California",3954,2564,88,19,896,11,159,217
1400000US06085506702,"Census Tract 5067.02, Santa Clara County, California",5455,3511,243,65,931,15,381,309
1400000US06085506703,"Census Tract 5067.03, Santa Clara County, California",3625,2574,115,23,543,23,145,202
1400000US06085506801,"Census Tract 5068.01, Santa Clara County, California",5871,4599,34,26,762,17,130,303
1400000US06085506802,"Census Tract 5068.02, Santa Clara County, California",5237,4143,59,30,550,32,163,260
1400000US06085506803,"Census Tract 5068.03, Santa Clara County, California",6883,4960,76,27,926,14,500,380
1400000US06085506804,"Census Tract 5068.04, Santa Clara County, California",3629,2935,10,12,481,4,37,150
1400000US06085506900,"Census Tract 5069, Santa Clara County, California",7436,6091,38,14,851,15,73,354
1400000US06085507001,"Census Tract 5070.01, Santa Clara County, California",6504,5728,40,22,455,4,57,198
1400000US06085507002,"Census Tract 5070.02, Santa Clara County, California",2800,2455,21,2,186,1,23,112
1400000US06085507100,"Census Tract 5071, Santa Clara County, California",2683,2256,17,12,221,8,51,118
1400000US06085507203,"Census Tract 5072.03, Santa Clara County, California",2632,2003,23,8,414,1,45,138
1400000US06085507205,"Census Tract 5072.05, Santa Clara County, California",4475,3681,18,3,521,1,56,195
1400000US06085507206,"Census Tract 5072.06, Santa Clara County, California",2724,2177,10,11,410,0,23,93
1400000US06085507301,"Census Tract 5073.01, Santa Clara County, California",6555,4161,16,12,2105,4,45,212
1400000US06085507302,"Census Tract 5073.02, Santa Clara County, California",2725,1986,9,7,579,4,37,103
1400000US06085507401,"Census Tract 5074.01, Santa Clara County, California",5624,2323,14,4,3079,6,12,186
1400000US06085507402,"Census Tract 5074.02, Santa Clara County, California",3881,2481,22,4,1134,2,48,190
1400000US06085507500,"Census Tract 5075, Santa Clara County, California",5810,2486,10,0,3113,4,26,171
1400000US06085507600,"Census Tract 5076, Santa Clara County, California",5563,2962,15,9,2351,3,36,187
1400000US06085507701,"Census Tract 5077.01, Santa Clara County, California",4039,1389,12,5,2504,0,25,104
1400000US06085507702,"Census Tract 5077.02, Santa Clara County, California",6126,2080,16,6,3841,2,20,161
1400000US06085507703,"Census Tract 5077.03, Santa Clara County, California",7706,3356,36,15,3921,13,59,306
1400000US06085507805,"Census Tract 5078.05, Santa Clara County, California",5397,1810,45,23,3016,18,264,221
1400000US06085507806,"Census Tract 5078.06, Santa Clara County, California",5889,1137,23,15,4486,3,71,154
1400000US06085507807,"Census Tract 5078.07, Santa Clara County, California",3219,638,5,21,2443,3,12,97
1400000US06085507808,"Census Tract 5078.08, Santa Clara County, California",5508,1285,22,5,4000,2,36,158
1400000US06085507903,"Census Tract 5079.03, Santa Clara County, California",4828,1200,18,3,3468,3,26,110
1400000US06085507904,"Census Tract 5079.04, Santa Clara County, California",3367,1096,17,3,2139,6,18,88
1400000US06085507905,"Census Tract 5079.05, Santa Clara County, California",5784,1314,40,18,4161,6,86,159
1400000US06085507906,"Census Tract 5079.06, Santa Clara County, California",4460,1194,7,4,3118,2,17,118
1400000US06085508001,"Census Tract 5080.01, Santa Clara County, California",7377,2250,56,10,4687,12,79,283
1400000US06085508003,"Census Tract 5080.03, Santa Clara County, California",2222,804,33,8,1206,5,70,96
1400000US06085508004,"Census Tract 5080.04, Santa Clara County, California",6090,2024,77,13,3574,5,117,280
1400000US06085508101,"Census Tract 5081.01, Santa Clara County, California",6740,1947,41,11,4484,1,64,192
1400000US06085508102,"Census Tract 5081.02, Santa Clara County, California",3321,1075,27,1,2065,1,34,118
1400000US06085508202,"Census Tract 5082.02, Santa Clara County, California",7684,3691,98,33,3142,24,353,343
1400000US06085508203,"Census Tract 5082.03, Santa Clara County, California",5172,2335,55,5,2469,11,68,229
1400000US06085508204,"Census Tract 5082.04, Santa Clara County, California",4194,1598,56,9,2220,9,140,162
1400000US06085508301,"Census Tract 5083.01, Santa Clara County, California",4410,2521,30,6,1657,4,35,157
1400000US06085508303,"Census Tract 5083.03, Santa Clara County, California",2562,1586,2,7,860,3,23,81
1400000US06085508304,"Census Tract 5083.04, Santa Clara County, California",7957,3047,225,36,3919,19,338,373
1400000US06085508401,"Census Tract 5084.01, Santa Clara County, California",6834,3540,78,11,2661,13,151,380
1400000US06085508403,"Census Tract 5084.03, Santa Clara County, California",2817,1752,20,3,861,2,30,149
1400000US06085508404,"Census Tract 5084.04, Santa Clara County, California",6023,3192,114,14,2202,22,187,292
1400000US06085508503,"Census Tract 5085.03, Santa Clara County, California",6506,2356,101,31,3357,19,416,226
1400000US06085508504,"Census Tract 5085.04, Santa Clara County, California",7701,2049,205,41,4282,27,839,258
1400000US06085508505,"Census Tract 5085.05, Santa Clara County, California",4392,2024,77,15,1931,4,128,213
1400000US06085508507,"Census Tract 5085.07, Santa Clara County, California",3066,786,84,17,1816,13,247,103
1400000US06085508508,"Census Tract 5085.08, Santa Clara County, California",5322,2122,108,27,2175,15,615,260
1400000US06085508601,"Census Tract 5086.01, Santa Clara County, California",3668,2010,34,14,1143,19,265,183
1400000US06085508602,"Census Tract 5086.02, Santa Clara County, California",3839,1990,71,34,1281,6,272,185
1400000US06085508703,"Census Tract 5087.03, Santa Clara County, California",7572,2430,232,44,3888,40,579,359
1400000US06085508704,"Census Tract 5087.04, Santa Clara County, California",5227,1986,82,44,2232,23,631,229
1400000US06085508800,"Census Tract 5088, Santa Clara County, California",3766,1637,82,23,1137,22,702,163
1400000US06085508900,"Census Tract 5089, Santa Clara County, California",5273,1781,112,33,1766,106,1203,272
1400000US06085509000,"Census Tract 5090, Santa Clara County, California",7407,3644,158,46,1616,57,1489,397
1400000US06085509102,"Census Tract 5091.02, Santa Clara County, California",4798,1748,120,14,2492,15,175,234
1400000US06085509105,"Census Tract 5091.05, Santa Clara County, California",6396,3188,186,31,2278,20,366,327
1400000US06085509106,"Census Tract 5091.06, Santa Clara County, California",4171,1853,104,20,1415,11,603,165
1400000US06085509107,"Census Tract 5091.07, Santa Clara County, California",4892,1638,170,15,1951,32,848,238
1400000US06085509108,"Census Tract 5091.08, Santa Clara County, California",4281,2063,188,32,1147,35,562,254
1400000US06085509109,"Census Tract 5091.09, Santa Clara County, California",4346,2207,93,14,1594,7,201,230
1400000US06085509201,"Census Tract 5092.01, Santa Clara County, California",4603,2597,134,24,1219,48,310,271
1400000US06085509202,"Census Tract 5092.02, Santa Clara County, California",4480,2530,75,25,1190,19,424,217
1400000US06085509302,"Census Tract 5093.02, Santa Clara County, California",2978,1964,72,18,604,20,161,139
1400000US06085509303,"Census Tract 5093.03, Santa Clara County, California",3706,2038,106,13,942,33,357,217
1400000US06085509304,"Census Tract 5093.04, Santa Clara County, California",2871,1498,86,8,678,27,436,138
1400000US06085509401,"Census Tract 5094.01, Santa Clara County, California",3212,1563,77,10,1198,24,222,118
1400000US06085509403,"Census Tract 5094.03, Santa Clara County, California",5121,2273,157,38,1059,29,1344,221
1400000US06085509404,"Census Tract 5094.04, Santa Clara County, California",6076,2655,112,41,1876,39,1084,269
1400000US06085509500,"Census Tract 5095, Santa Clara County, California",5565,3143,139,28,964,21,936,334
1400000US06085509600,"Census Tract 5096, Santa Clara County, California",2625,1713,39,10,646,5,99,113
1400000US06085509700,"Census Tract 5097, Santa Clara County, California",3128,2050,54,19,615,24,218,148
1400000US06085509801,"Census Tract 5098.01, Santa Clara County, California",5274,3336,74,14,1218,4,298,330
1400000US06085509802,"Census Tract 5098.02, Santa Clara County, California",2719,1855,32,3,639,5,58,127
1400000US06085509901,"Census Tract 5099.01, Santa Clara County, California",1934,1455,4,2,367,4,18,84
1400000US06085509902,"Census Tract 5099.02, Santa Clara County, California",4838,3238,40,20,1190,11,110,229
1400000US06085510001,"Census Tract 5100.01, Santa Clara County, California",6116,4195,42,7,1551,11,41,269
1400000US06085510002,"Census Tract 5100.02, Santa Clara County, California",3553,2420,12,6,911,8,14,182
1400000US06085510100,"Census Tract 5101, Santa Clara County, California",2948,2110,10,3,682,0,19,124
1400000US06085510200,"Census Tract 5102, Santa Clara County, California",4328,3157,20,8,905,6,27,205
1400000US06085510300,"Census Tract 5103, Santa Clara County, California",4020,3000,18,3,812,17,27,143
1400000US06085510400,"Census Tract 5104, Santa Clara County, California",3131,2077,16,18,842,6,27,145
1400000US06085510500,"Census Tract 5105, Santa Clara County, California",4688,3483,22,2,979,10,19,173
1400000US06085510600,"Census Tract 5106, Santa Clara County, California",6139,3741,98,15,1753,10,322,200
1400000US06085510700,"Census Tract 5107, Santa Clara County, California",4775,2400,175,7,1785,21,192,195
1400000US06085510801,"Census Tract 5108.01, Santa Clara County, California",5290,2927,49,4,2045,8,65,192
1400000US06085510802,"Census Tract 5108.02, Santa Clara County, California",1840,1226,38,0,470,1,25,80
1400000US06085510803,"Census Tract 5108.03, Santa Clara County, California",2558,1424,30,6,926,9,30,133
1400000US06085510900,"Census Tract 5109, Santa Clara County, California",5354,3311,91,14,1540,10,129,259
1400000US06085511000,"Census Tract 5110, Santa Clara County, California",6402,3391,163,8,2313,26,185,316
1400000US06085511100,"Census Tract 5111, Santa Clara County, California",5445,3575,38,6,1541,10,56,219
1400000US06085511200,"Census Tract 5112, Santa Clara County, California",4849,3718,76,6,773,5,51,220
1400000US06085511301,"Census Tract 5113.01, Santa Clara County, California",3671,2777,126,3,503,11,90,161
1400000US06085511302,"Census Tract 5113.02, Santa Clara County, California",4062,3051,74,11,703,3,63,157
1400000US06085511400,"Census Tract 5114, Santa Clara County, California",3639,2804,26,2,629,7,37,134
1400000US06085511500,"Census Tract 5115, Santa Clara County, California",7513,5508,157,29,1330,12,106,371
1400000US06085511608,"Census Tract 5116.08, Santa Clara County, California",2687,1439,190,32,648,9,67,302
1400000US06085511609,"Census Tract 5116.09, Santa Clara County, California",3183,2106,65,4,853,8,49,98
1400000US06085511701,"Census Tract 5117.01, Santa Clara County, California",4017,2790,21,1,1025,6,15,159
1400000US06085511702,"Census Tract 5117.02, Santa Clara County, California",2684,1900,17,1,612,0,28,126
1400000US06085511704,"Census Tract 5117.04, Santa Clara County, California",4520,3097,22,3,1187,3,36,172
1400000US06085511705,"Census Tract 5117.05, Santa Clara County, California",995,688,23,2,228,2,14,38
1400000US06085511707,"Census Tract 5117.07, Santa Clara County, California",3009,2263,27,7,537,4,56,115
1400000US06085511800,"Census Tract 5118, Santa Clara County, California",4009,3575,14,15,160,3,76,166
1400000US06085511905,"Census Tract 5119.05, Santa Clara County, California",3129,1845,30,4,1037,8,39,166
1400000US06085511907,"Census Tract 5119.07, Santa Clara County, California",3988,2316,27,6,1377,12,68,182
1400000US06085511909,"Census Tract 5119.09, Santa Clara County, California",7997,4194,34,19,3287,3,71,389
1400000US06085511910,"Census Tract 5119.10, Santa Clara County, California",3042,2388,26,14,494,2,33,85
1400000US06085511911,"Census Tract 5119.11, Santa Clara County, California",4806,3267,194,31,905,16,167,226
1400000US06085511912,"Census Tract 5119.12, Santa Clara County, California",5440,2800,33,19,2293,5,77,213
1400000US06085511913,"Census Tract 5119.13, Santa Clara County, California",4295,3335,27,11,652,10,50,210
1400000US06085511914,"Census Tract 5119.14, Santa Clara County, California",5684,4028,74,18,1176,11,98,279
1400000US06085511915,"Census Tract 5119.15, Santa Clara County, California",3806,2311,102,41,416,21,681,234
1400000US06085511916,"Census Tract 5119.16, Santa Clara County, California",4669,3198,115,13,853,25,220,245
1400000US06085512001,"Census Tract 5120.01, Santa Clara County, California",6774,2584,245,63,2870,14,658,340
1400000US06085512005,"Census Tract 5120.05, Santa Clara County, California",6711,4207,211,42,1239,37,606,369
1400000US06085512017,"Census Tract 5120.17, Santa Clara County, California",7804,2446,260,80,2407,66,2116,429
1400000US06085512019,"Census Tract 5120.19, Santa Clara County, California",4737,2117,201,44,1336,16,768,255
1400000US06085512020,"Census Tract 5120.20, Santa Clara County, California",6858,2400,396,45,2262,41,1357,357
1400000US06085512021,"Census Tract 5120.21, Santa Clara County, California",6087,2767,278,54,1915,17,717,339
1400000US06085512022,"Census Tract 5120.22, Santa Clara County, California",5374,2255,258,69,1556,23,893,320
1400000US06085512023,"Census Tract 5120.23, Santa Clara County, California",5418,2277,368,85,1007,28,1304,349
1400000US06085512024,"Census Tract 5120.24, Santa Clara County, California",4670,2543,431,35,870,23,403,365
1400000US06085512025,"Census Tract 5120.25, Santa Clara County, California",3203,1940,84,13,683,7,275,201
1400000US06085512026,"Census Tract 5120.26, Santa Clara County, California",3871,1713,232,60,985,23,537,321
1400000US06085512027,"Census Tract 5120.27, Santa Clara County, California",4085,2216,227,37,728,17,557,303
1400000US06085512029,"Census Tract 5120.29, Santa Clara County, California",6892,4237,245,81,1115,49,713,452
1400000US06085512030,"Census Tract 5120.30, Santa Clara County, California",3074,1947,79,17,506,22,275,228
1400000US06085512031,"Census Tract 5120.31, Santa Clara County, California",4406,2821,96,64,629,17,450,329
1400000US06085512032,"Census Tract 5120.32, Santa Clara County, California",3389,1934,121,48,563,11,421,291
1400000US06085512033,"Census Tract 5120.33, Santa Clara County, California",6125,3773,228,40,1058,29,644,353
1400000US06085512034,"Census Tract 5120.34, Santa Clara County, California",3101,1813,135,34,570,10,356,183
1400000US06085512035,"Census Tract 5120.35, Santa Clara County, California",4172,2473,137,61,729,19,457,296
1400000US06085512036,"Census Tract 5120.36, Santa Clara County, California",4585,2141,173,36,1498,23,408,306
1400000US06085512037,"Census Tract 5120.37, Santa Clara County, California",3214,1850,119,16,508,1,456,264
1400000US06085512038,"Census Tract 5120.38, Santa Clara County, California",2847,1436,161,23,742,14,298,173
1400000US06085512039,"Census Tract 5120.39, Santa Clara County, California",4784,1612,213,54,1892,20,729,264
1400000US06085512042,"Census Tract 5120.42, Santa Clara County, California",2841,745,164,37,1078,22,663,132
1400000US06085512043,"Census Tract 5120.43, Santa Clara County, California",6129,2311,374,63,1145,44,1936,256
1400000US06085512045,"Census Tract 5120.45, Santa Clara County, California",5602,3737,124,56,819,23,479,364
1400000US06085512047,"Census Tract 5120.47, Santa Clara County, California",5461,3481,175,52,766,12,619,356
1400000US06085512052,"Census Tract 5120.52, Santa Clara County, California",3988,2446,145,31,676,15,391,284
1400000US06085512053,"Census Tract 5120.53, Santa Clara County, California",4534,2534,197,68,658,10,726,341
1400000US06085512100,"Census Tract 5121, Santa Clara County, California",1666,900,10,16,293,5,369,73
1400000US06085512200,"Census Tract 5122, Santa Clara County, California",4014,3175,43,24,351,17,207,197
1400000US06085512305,"Census Tract 5123.05, Santa Clara County, California",3936,2758,64,43,536,18,343,174
1400000US06085512307,"Census Tract 5123.07, Santa Clara County, California",6344,4812,100,49,479,13,523,368
1400000US06085512308,"Census Tract 5123.08, Santa Clara County, California",7006,4807,101,37,1026,23,563,449
1400000US06085512309,"Census Tract 5123.09, Santa Clara County, California",4996,3675,83,38,475,18,414,293
1400000US06085512310,"Census Tract 5123.10, Santa Clara County, California",3791,1839,95,51,470,13,1058,265
1400000US06085512311,"Census Tract 5123.11, Santa Clara County, California",3314,2075,81,34,345,3,589,187
1400000US06085512312,"Census Tract 5123.12, Santa Clara County, California",2899,1958,50,14,224,11,454,188
1400000US06085512313,"Census Tract 5123.13, Santa Clara County, California",3887,2153,94,44,212,16,1124,244
1400000US06085512314,"Census Tract 5123.14, Santa Clara County, California",5932,3601,102,70,436,15,1380,328
1400000US06085512401,"Census Tract 5124.01, Santa Clara County, California",4782,3134,31,51,308,5,986,267
1400000US06085512402,"Census Tract 5124.02, Santa Clara County, California",5167,3269,42,59,398,19,1146,234
1400000US06085512503,"Census Tract 5125.03, Santa Clara County, California",7726,5308,210,62,930,22,763,431
1400000US06085512505,"Census Tract 5125.05, Santa Clara County, California",7295,3973,155,150,598,17,1929,473
1400000US06085512506,"Census Tract 5125.06, Santa Clara County, California",6686,3387,170,164,352,19,2215,379
1400000US06085512508,"Census Tract 5125.08, Santa Clara County, California",7955,4666,93,142,366,11,2345,332
1400000US06085512509,"Census Tract 5125.09, Santa Clara County, California",4111,2609,79,56,256,11,886,214
1400000US06085512510,"Census Tract 5125.10, Santa Clara County, California",6194,4041,98,82,568,21,1085,299
1400000US06085512602,"Census Tract 5126.02, Santa Clara County, California",2997,1827,6,56,144,1,871,92
1400000US06085512603,"Census Tract 5126.03, Santa Clara County, California",3954,1949,60,86,82,1,1617,159
1400000US06085512604,"Census Tract 5126.04, Santa Clara County, California",4505,2407,90,99,77,6,1653,173
1400000US06085513000,"Census Tract 5130, Santa Clara County, California",8215,4180,411,48,2759,15,174,628
1400000US06085513500,"Census Tract 5135, Santa Clara County, California",1144,869,10,8,52,10,139,56
